"Africa","Kenya","Liquid Telecom","http://www.liquidtelecom.com/","http://mirror.liquidtelecom.com/centos/","ftp://mirror.liquidtelecom.com/centos/","rsync://mirror.liquidtelecom.com/centos/"
"Africa","South Africa","BitCo","http://bitco.co.za/","http://mirror.bitco.co.za/centos/","",""
"Africa","South Africa","Internet Solutions","http://www.is.co.za/","http://ftp.is.co.za/mirror/centos/","ftp://ftp.is.co.za/mirror/centos/","rsync://ftp.is.co.za/mirror/centos/"
"Africa","South Africa","JSDAAV ZA Telecoms (Pty) Ltd","http://www.jsdaav.com/","http://dl.za.jsdaav.net/mirror/CentOS/","ftp://dl.za.jsdaav.net/mirror/CentOS/","rsync://dl.za.jsdaav.net/mirror/CentOS/"
"Africa","South Africa","Telkom SA","http://www.telkom.co.za","http://www.ftp.saix.net/pub/linux/distributions/centos/","ftp://ftp.saix.net/pub/linux/distributions/centos/",""
"Africa","South Africa","Tenet ","http://www.tenet.ac/","http://centos.mirror.ac.za/","ftp://centos.mirror.ac.za/","rsync://centos.mirror.ac.za/centos/"
"Africa","South Africa ","University of the Free State","http://www.ufs.ac.za/","http://mirror.ufs.ac.za/centos/","ftp://mirror.ufs.ac.za/os/linux/distros/centos/","rsync://mirror.ufs.ac.za/centos/"
"Africa","South Africa","WBS / iBurst","https://www.iburst.co.za/","http://mirror.wbs.co.za/centos/","ftp://mirror.wbs.co.za/centos/","rsync://mirror.wbs.co.za/centos/"
"Africa","South Africa","Web Africa","http://www.webafrica.co.za/","http://ftp.wa.co.za/pub/centos/","ftp://ftp.wa.co.za/pub/centos/",""
"Africa","Tanzania","Aptus Solutions","http://www.aptus.co.tz/","http://mirror.aptus.co.tz/pub/centos/","",""
"Africa","Uganda","Uganda Christian University","http://www.ucu.ac.ug/","http://mirror.ucu.ac.ug/centos/","",""
"Africa","Zimbabwe","Zimbabwe Online","http://www.zol.co.zw/","http://mirror.zol.co.zw/centos/","ftp://mirror.zol.co.zw/centos/","rsync://mirror.zol.co.zw/centos/"
"Asia","Bangladesh","dhakaCom Limited","http://www.dhakacom.com/","http://mirror.dhakacom.com/centos/","ftp://mirror.dhakacom.com/centos/",""
"Asia","China"," Zhejiang University","http://www.zju.edu.cn/","http://mirrors.zju.edu.cn/centos/","",""
"Asia","China","Beijing Institute of Technology","http://www.bit.edu.cn/","http://mirror.bit.edu.cn/centos/","",""
"Asia","China","Beijing Teletron Telecom Engineering","http://www.btte.com.cn","http://mirrors.btte.net/centos/","",""
"Asia","China","CDS China","http://www.yun-idc.com/","http://mirrors.yun-idc.com/centos/","ftp://mirrors.yun-idc.com/centos/","rsync://mirrors.yun-idc.com/centos/"
"Asia","China","China University of Geosciences","http://www.cug.edu.cn/","http://mirrors.cug.edu.cn/centos/","",""
"Asia","China","Dalian Neusoft University of Information","http://www.neusoft.edu.cn/","http://mirrors.neusoft.edu.cn/centos/","ftp://mirrors.neusoft.edu.cn/centos/",""
"Asia","China","Huazhong University of Science and Technology","http://www.hust.edu.cn/","http://mirrors.hust.edu.cn/centos/","","rsync://mirrors.hust.edu.cn/centos/"
"Asia","China","Lanzhou University Open Source Society","https://oss.lzu.edu.cn/","http://mirror.lzu.edu.cn/centos/","",""
"Asia","China","NetEase","http://www.163.com/","http://mirrors.163.com/centos/","",""
"Asia","China","Northwest A&F University ","http://www.nwsuaf.edu.cn","http://mirrors.nwsuaf.edu.cn/centos/","",""
"Asia","China","Shanghai Jiao Tong University","http://www.sjtu.edu.cn/","http://ftp.sjtu.edu.cn/centos/","ftp://ftp.sjtu.edu.cn/centos/",""
"Asia","China","SINA Corporation","http://www.sina.com/","http://mirrors.sina.cn/centos/","",""
"Asia","China","Sohu Inc, Beijing P.R. China","http://www.sohu.com/","http://mirrors.sohu.com/centos/","",""
"Asia","China","Tsinghua University","http://www.tsinghua.edu.cn/","http://mirrors.tuna.tsinghua.edu.cn/centos/","","rsync://mirrros.tuna.tsinghua.edu.cn/centos/"
"Asia","China","University of Science and Tech of China","http://www.ustc.edu.cn/","http://centos.ustc.edu.cn/centos/","",""
"Asia","Hong Kong","01LINK NETWORK SERVICES LIMITED","http://www.01link.net/","http://centos.01link.hk/","ftp://centos.01link.hk/","rsync://centos.01link.hk/centos/"
"Asia","Hong Kong","CommuniLink Internet Limited","http://www.communilink.net/","http://centos.communilink.net/","ftp://centos.communilink.net/centos/",""
"Asia","Hong Kong","i-System Technology Limited","http://www.uhost.hk/","http://centos.uhost.hk/","ftp://centos.uhost.hk/centos/",""
"Asia","Hong Kong","The Chinese University of Hong Kong","http://www.cuhk.edu.hk/","http://ftp.cuhk.edu.hk/pub/Linux/centos/","ftp://ftp.cuhk.edu.hk/pub/Linux/centos/",""
"Asia","Hong Kong","UDomain Web Hosting Company Ltd.","http://www.udomain.com.hk/","http://repo.virtualhosting.hk/centos/","ftp://repo.virtualhosting.hk/centos/",""
"Asia","India","Excell Media Pvt. Ltd.","http://www.excellmedia.net/","http://centos.excellmedia.net/","",""
"Asia","India","Indian Institute of Technology, Madras","http://www.iitm.ac.in","http://ftp.iitm.ac.in/centos/","ftp://ftp.iitm.ac.in/centos/","rsync://ftp.iitm.ac.in/centos/"
"Asia","India","National Brain Research Centre","http://nbrc.ac.in/","http://mirror.nbrc.ac.in/centos/","",""
"Asia","India","SugarBox Networks Pvt Ltd","http://www.sugarboxnetworks.com/","http://centos.mirror.net.in/centos/","",""
"Asia","Indonesia"," PT. Orion Cyber Internet","http://orion.net.id/","http://mirror.dionipe.net/Centos/","",""
"Asia","Indonesia","DATAUTAMA-NET-ID","http://datautama.net.id/","http://kartolo.sby.datautama.net.id/Centos/","",""
"Asia","Indonesia","JR Webhost","http://www.jr-webhost.net/","http://centos.jr-webhost.net/","",""
"Asia","Indonesia","Kelompok Linux Arek Surabaya (KLAS)/PT Rahajasa Media Internet (RADNET)","","http://buaya.klas.or.id/centos/","ftp://buaya.klas.or.id/centos/",""
"Asia","Indonesia","Merah Cipta Media, PT","http://www.merahciptamedia.id/","http://centos.merahciptamedia.id/","",""
"Asia","Indonesia","PT.  Axarva Media Teknologi","http://axarva.co.id","http://mirror.axarva.co.id/centos/","",""
"Asia","Indonesia","Smart Media Pratama, PT.","http://smartmedia.net.id/","http://mirror.smartmedia.net.id/centos/","ftp://mirror.smartmedia.net.id/centos/",""
"Asia","Indonesia","State Polytechnic of Banyuwangi","http://www.poliwangi.ac.id/","http://mirror.poliwangi.ac.id/centos/","",""
"Asia","Indonesia","WANXP","http://wanxp.id/","http://mirror.wanxp.id/centos/","ftp://mirror.wanxp.id/centos/","rsync://mirror.wanxp.id/centos/"
"Asia","Iraq","Earthlink Telecommunications","http://earthlink.iq/","http://mirror.earthlink.iq/centos/","",""
"Asia","Iraq","ScopeSky Communications LLC.","http://www.scopesky.com/","http://mirror.scopesky.iq/","",""
"Asia","Japan","FAIRWAY Corporation","http://www.fairway-corp.co.jp/","http://mirror.fairway.ne.jp/centos/","ftp://mirror.fairway.ne.jp/centos/",""
"Asia","Japan","Internet Initiative Japan Inc.","http://www.iij.ad.jp/","http://ftp.iij.ad.jp/pub/linux/centos/","ftp://ftp.iij.ad.jp/pub/linux/centos/","rsync://ftp.iij.ad.jp/centos/"
"Asia","Japan","JAIST","http://www.jaist.ac.jp/","http://ftp.jaist.ac.jp/pub/Linux/CentOS/","ftp://ftp.jaist.ac.jp/pub/Linux/CentOS/","rsync://ftp.jaist.ac.jp/pub/Linux/CentOS/"
"Asia","Japan","KDDI R&D Laboratories Inc.","http://www.kddilabs.jp/english/index.html","http://www.ftp.ne.jp/Linux/packages/CentOS/","ftp://ftp.kddilabs.jp/Linux/packages/CentOS/","rsync://rsync.kddilabs.jp/centos/"
"Asia","Japan","NARA Inst of Science and Technology","http://www.naist.jp/","http://ftp.nara.wide.ad.jp/pub/Linux/centos/","ftp://ftp.nara.wide.ad.jp/pub/Linux/centos/","rsync://ftp.nara.wide.ad.jp/centos"
"Asia","Japan","RIKEN Research Institute","http://www.riken.jp/","http://ftp.riken.jp/Linux/centos/","ftp://ftp.riken.jp/Linux/centos/","rsync://ftp.riken.jp/centos/"
"Asia","Japan","WIDEProject Tsukuba NOC","","http://ftp.tsukuba.wide.ad.jp/Linux/centos/","",""
"Asia","Japan","Yamagata University","http://www.yamagata-u.ac.jp/","http://ftp.yz.yamagata-u.ac.jp/pub/linux/centos/","","rsync://ftp.yz.yamagata-u.ac.jp/pub/linux/centos/"
"Asia","Kazakhstan","Megahost Kazakhstan LLP","https://megahost.kz/","http://mirror.megahost.kz/centos/","ftp://mirror.megahost.kz/centos/","rsync://mirror.megahost.kz/centos/"
"Asia","Kazakhstan","Neolabs LLP","http://neolabs.kz","http://mirror.neolabs.kz/centos/","ftp://mirror.neolabs.kz/centos/","rsync://mirror.neolabs.kz/centos/"
"Asia","Korea"," NAVER Business Platform","http://www.nbp-corp.com/","http://mirror.navercorp.com/centos/","",""
"Asia","Korea","AoneNetworks Co.,Ltd.","http://www.nicehosting.co.kr","http://data.nicehosting.co.kr/os/CentOS/","",""
"Asia","Korea","CDNetworks Co., Ltd.","http://www.cdnetworks.com/","http://centos.mirror.cdnetworks.com/","ftp://centos.mirror.cdnetworks.com/centos/",""
"Asia","Korea","Daum Kakao. Corp.","http://www.daumkakao.com/","http://ftp.daumkakao.com/centos/","",""
"Asia","Korea","KAIST","http://www.kaist.ac.kr/","http://ftp.kaist.ac.kr/CentOS/","ftp://ftp.kaist.ac.kr/CentOS/","rsync://ftp.kaist.ac.kr/centos/"
"Asia","Korea","NeowizGames corp.","http://www.pmang.com/","http://ftp.neowiz.com/centos/","ftp://ftp.neowiz.com/centos/","rsync://ftp.neowiz.com/centos/"
"Asia","Korea","Onnetcorp","http://www.onnetcorp.com","http://mirror.oasis.onnetcorp.com/centos/","",""
"Asia","Korea","Premist","http://premi.st/","http://mirror.premi.st/centos/","",""
"Asia","Malaysia","Exabytes Network Sdn. Bhd","http://www.exabytes.com.my/","http://centos.exabytes.com.my/main/","",""
"Asia","Malaysia","IP ServerOne Solutions Sdn Bhd","http://www.ipserverone.com/","http://centos.ipserverone.com/centos/","",""
"Asia","Malaysia","Net Onboard Sdn Bhd","http://www.netonboard.com/","http://centos.netonboard.com/centos/","",""
"Asia","Malaysia","OSCC MAMPU","http://www.oscc.org.my/","http://mirror.oscc.org.my/centos/","",""
"Asia","Malaysia","Sultan Idris Education University","http://www.upsi.edu.my/","http://mirror.upsi.edu.my/centos/","",""
"Asia","Pakistan","Nayatel (Pvt) Ltd.","http://www.nayatel.com/","http://mirrors.nayatel.com/centos/","",""
"Asia","Philippines","DOST-ASTI and PREGI.NET","http://www.asti.dost.gov.ph/","http://mirror.pregi.net/centos/","frtp://mirror.pregi.net/centos/",""
"Asia","Philippines","Rise","http://rise.ph/","http://mirror.rise.ph/centos/","ftp://mirror.rise.ph/centos/",""
"Asia","Singapore"," National University of Singapore","http://download.nus.edu.sg/","http://download.nus.edu.sg/mirror/centos/","","rsync://download.nus.edu.sg/centos/"
"Asia","Singapore","0x.sg","http://mirror.0x.sg/","http://mirror.0x.sg/centos/","","rsync://mirror.0x.sg/centos/"
"Asia","Singapore","National University of Singapore","http://www.comp.nus.edu.sg/","http://mirror.nus.edu.sg/centos/","ftp://mirror.nus.edu.sg/html/centos/",""
"Asia","Singapore","ReadySpace (SG) Pte Ltd","http://www.readyspace.com.sg/","http://mirror.readyspace.com/centos/","",""
"Asia","Singapore","USONYX PTE. LTD.","http://www.usonyx.net/","http://centos.usonyx.net/main/","",""
"Asia","Singapore","Vastspace Pte Ltd","http://www.vastspace.net/","http://mirror.vastspace.net/centos/","",""
"Asia","Singapore","Vodien Internet Solutions Pte Ltd.","http://www.vodien.com/","http://mirror.vodien.com/centos/","",""
"Asia","Taiwan","Computer Center, Shu-Te University","http://en.main.stu.edu.tw/","http://ftp.stu.edu.tw/Linux/CentOS/","ftp://ftp.stu.edu.tw/Linux/CentOS/",""
"Asia","Taiwan","Department of Computer Science and Engineering, Yuan Ze University","http://cse.yzu.edu.tw/","http://ftp.yzu.edu.tw/Linux/CentOS/","ftp://ftp.yzu.edu.tw/Linux/CentOS/","rsync://ftp.yzu.edu.tw/Linux/CentOS/"
"Asia","Taiwan","Department of Computer Science National Chiao Tung University","http://www.cs.nctu.edu.tw/","http://centos.cs.nctu.edu.tw/","ftp://linux.cs.nctu.edu.tw/CentOS/","rsync://linux.cs.nctu.edu.tw/CentOS/"
"Asia","Taiwan","HiNet IDC","http://www.idc.hinet.net/en/index.htm","http://mirror01.idc.hinet.net/CentOS/","ftp://mirror01.idc.hinet.net/CentOS/",""
"Asia","Taiwan","I-Shou University","http://www.isu.edu.tw/","http://ftp.isu.edu.tw/pub/Linux/CentOS/","ftp://ftp.isu.edu.tw/pub/Linux/CentOS/","rsync://ftp.isu.edu.tw/centos/"
"Asia","Taiwan","Kun Shan University","http://www.ksu.edu.tw/","http://ftp.ksu.edu.tw/pub/CentOS/","ftp://ftp.ksu.edu.tw/pub/CentOS/",""
"Asia","Taiwan","National Center for High-Perf Computing","http://www.nchc.org.tw/en/","http://ftp.twaren.net/Linux/CentOS/","ftp://ftp.twaren.net/Linux/CentOS/",""
"Asia","Taiwan","Southern Taiwan University of Science and Technology","http://www.stust.edu.tw/","http://ftp.stust.edu.tw/pub/Linux/CentOS/","ftp://ftp.stust.edu.tw/pub/Linux/CentOS/",""
"Asia","Taiwan","TaiChung City Education Network Center","http://www.tc.edu.tw/","http://ftp.tc.edu.tw/Linux/CentOS/","ftp://ftp.tc.edu.tw/Linux/CentOS/",""
"Asia","Thailand","Adminbannok.com","http://www.adminbannok.com/","http://mirror.adminbannok.com/centos/","",""
"Asia","Thailand","Bangmod Hosting","http://www.bangmodhosting.com/","http://mirrors.bangmodhosting.com/centos/","","rsync://mirrors.bangmodhosting.com/centos/"
"Asia","Thailand","Best IDC","http://www.bestidc.net/","http://mirrors.bestthaihost.com/centos/","","rsync://mirrors.bestthaihost.com/centos/"
"Asia","Thailand","Hosting.in.th","http://www.hosting.in.th/","http://mirrors.hosting.in.th/centos/","",""
"Asia","Thailand","Kasetsart University","http://www.ku.ac.th/","http://mirror1.ku.ac.th/centos/","",""
"Asia","Thailand","Prince of Songkla University, Hatyai cam","http://www.psu.ac.th/en/","http://mirrors.psu.ac.th/pub/centos/","ftp://mirrors.psu.ac.th/pub/centos/","rsync://mirrors.psu.ac.th/centos/"
"Asia","Thailand","THZ Hosting","http://www.thzhost.com/","http://mirrors.thzhost.com/centos/","","rsync://mirrors.thzhost.com/centos/"
"Asia","Thailand","TOT Public Company Limited","http://www.tot.co.th/","http://mirror2.totbb.net/centos/","ftp://mirror2.totbb.net/centos/","http://mirror2.totbb.net/centos/"
"Asia","Uzbekistan","Comnet ISP","http://comnet.uz/","http://mirror.comnet.uz/centos/","","rsync://mirror.comnet.uz/centos/"
"Asia","Vietnam","DIGIPOWER Co.,ltd","http://www.digipower.vn/","http://mirrors.digipower.vn/centos/","ftp://mirrors.digipower.vn/centos/","rsync://mirrors.digipower.vn/centos/"
"Asia","Vietnam","Nhan Hoa","https://nhanhoa.com/","http://mirrors.nhanhoa.com/centos/","",""
"Asia","Vietnam","VHost","http://vhost.vn/","http://mirrors.vhost.vn/centos/","",""
"Asia","Vietnam","Viettel  IDC ","http://viettelidc.com.vn/","http://centos-hcm.viettelidc.com.vn/","",""
"Asia","Vietnam","Viettel IDC","http://viettelidc.com.vn/","http://centos-hn.viettelidc.com.vn/","",""
"Asia","Vietnam","VinaHost Co., Ltd","http://vinahost.vn/","http://mirrors.vinahost.vn/centos/","",""
"Asia","Vietnam","VONLINE","http://vonline.vn/","http://mirrors.vonline.vn/centos/","",""
"Canada","BC","eSecureData Inc.","http://www.esecuredata.com/","http://mirror.esecuredata.com/centos/","",""
"Canada","BC","Simon Fraser University","http://www.fas.sfu.ca/","http://mirror.its.sfu.ca/mirror/CentOS/","",""
"Canada","MB","LES.NET","http://les.net/","http://centos.les.net/","",""
"Canada","MB","Manitoba Unix User Group","http://www.muug.mb.ca/","http://www.muug.mb.ca/pub/centos/","ftp://ftp.muug.mb.ca/pub/centos/","rsync://rsync.muug.mb.ca/centos/"
"Canada","MB","Westman Communications Grp","http://www.westmancom.com/","http://centos.westmancom.com/","ftp://centos.westmancom.com/",""
"Canada","NS","Dalhousie University","http://www.dal.ca/","http://mirror.its.dal.ca/centos/","ftp://mirror.its.dal.ca/centos/","rsync://mirror.its.dal.ca/centos/"
"Canada","ON","Clearcable Networks","http://www.clearcable.ca/","http://centos.mirror.rafal.ca/","ftp://centos.mirror.rafal.ca/pub/CentOS/","rsync://centos.mirror.rafal.ca/CentOS"
"Canada","ON","Cogeco Inc.","http://www.cogeco.net/","http://less.cogeco.net/CentOS/","ftp://less.cogeco.net/CentOS/",""
"Canada","ON","Netflash Internet Solutions","http://www.netflash.net/","http://mirror.netflash.net/centos/","ftp://mirror.netflash.net/centos/","rsync://mirror.netflash.net/centos/"
"Canada","ON","U. of Waterloo Computer Science Club","http://csclub.uwaterloo.ca/","http://mirror.csclub.uwaterloo.ca/centos/","ftp://mirror.csclub.uwaterloo.ca/centos/","rsync://mirror.csclub.uwaterloo.ca/centos/"
"Canada","ON","Wightman Telecom","http://wightman.ca/","http://mirror.netaddicted.ca/CentOS/","ftp://mirror.netaddicted.ca/CentOS/",""
"Canada","QC","GloboTech Communications","http://www.gtcomm.net/","http://centos.mirror.gtcomm.net/","",""
"Canada","QC","GpMidi","https://www.gpmidi.net/","http://mirror.gpmidi.net/centos/","ftp://mirror.gpmidi.net/centos/",""
"Canada","QC","iWeb Technologies Inc.","http://iweb.com/","http://centos.mirror.iweb.ca/","ftp://centos.mirror.iweb.ca/","rsync://centos.mirror.iweb.ca/centos"
"Canada","QC","Netelligent","http://www.netelligent.ca/centos/","http://centos.mirror.netelligent.ca/centos/","",""
"Canada","QC","OVH Canada","http://www.ovh.com/ca/en/","http://centos.bhs.mirrors.ovh.net/ftp.centos.org/","ftp://centos.bhs.mirrors.ovh.net/ftp.centos.org/","rsync://centos.bhs.mirrors.ovh.net/ftp.centos.org/"
"Canada","QC","PlanetHoster Canada","http://www.planethoster.net/","http://centos.mirror.ca.planethoster.net/","",""
"Canada","QC","VEXXHOST","http://www.vexxhost.com/","http://centos.mirror.vexxhost.com/","ftp://mirror.vexxhost.com/centos/","rsync://mirror.vexxhost.com/centos/"
"EU","Armenia","ARMINCO Global Telecommunications","http://www.arminco.com/","http://centos.mirrors.arminco.com/","",""
"EU","Austria","digitalnova it&  web solutions e.U.","http://digitalnova.at/","http://mirror.digitalnova.at/CentOS/","",""
"EU","Austria","Easyname","http://www.easyname.at/de","http://mirror.easyname.at/centos/","ftp://mirror.easyname.at/centos/","rsync://mirror.easyname.at/centos/"
"EU","Austria","Goodie Domain Service","http://gd.tuwien.ac.at/","http://gd.tuwien.ac.at/opsys/linux/centos/","ftp://gd.tuwien.ac.at/opsys/linux/centos/","rsync://gd.tuwien.ac.at/opsys/linux/centos/"
"EU","Austria","netzpionier and it&tel","http://www.mirroraustria.at/","http://centos.mirroraustria.at/","ftp://centos.mirroraustria.at/centos/","rsync://centos.mirroraustria.at/CentOS/"
"EU","Austria","next layer GmbH","http://www.nextlayer.at/","http://mirror.nextlayer.at/centos/","",""
"EU","Austria","Technische Universität Graz","http://portal.tugraz.at/portal/page/portal/TU_Graz","http://ftp.tugraz.at/mirror/centos/","ftp://ftp.tugraz.at/mirror/centos/",""
"EU","Austria","UPC Austria","http://www.upc.at/","http://mirror.inode.at/data/centos/","ftp://mirror.inode.at/centos/","rsync://mirror.inode.at/mirror/centos/"
"EU","Belarus","RUE Beltelecom, ByFly ISP.","http://byfly.by/","http://ftp.byfly.by/pub/CentOS/","ftp://ftp.byfly.by/pub/CentOS/","rsync://ftp.byfly.by/CentOS/"
"EU","Belgium","All In One","http://www.all-in-one.be/","http://mirror.myip.be/pub/centos/","",""
"EU","Belgium","Belnet","http://www.belnet.be/en/","http://ftp.belnet.be/ftp.centos.org/","ftp://ftp.belnet.be/mirror/ftp.centos.org/"," rsync://rsync.belnet.be/centos/"
"EU","Belgium","Connexeon bvba","http://www.connexeon.com","http://centos.mirror.connexeon.net/","",""
"EU","Belgium","Cu.be Solutions","http://cu.be/","http://centos.cu.be/","",""
"EU","Belgium","Kinamo NV/SA","http://www.kinamo.be/","http://mirror.kinamo.be/centos/","",""
"EU","Belgium","Nucleus","http://www.nucleus.be/","http://centos.mirror.nucleus.be/","ftp://centos.mirror.nucleus.be/",""
"EU","Belgium","Unix-Solutions","http://www.unix-solutions.be/","http://mirror.unix-solutions.be/centos/","",""
"EU","Belgium","WeePee telecom","http://www.weepeetelecom.be/","http://centos.weepeetelecom.be/","",""
"EU","Bosnia & Herzegovina","BH Telecom","http://www.bhtelecom.ba","http://mirror.centos.com.ba/","",""
"EU","Bulgaria","Host.AG","https://www.host.ag/","http://mirror.bg.host.ag/centos/","ftp://mirror.bg.host.ag/centos/","rsync://mirror.bg.host.ag/centos/"
"EU","Bulgaria","Neterra LTD","http://www.neterra.net/","http://mirrors.neterra.net/centos/","ftp://mirrors.neterra.net/centos/","rsync://mirrors.neterra.net/centos/"
"EU","Bulgaria","Netix","http://netix.net/","http://mirrors.netix.net/centos/","ftp://mirrors.netix.net/centos/","rsync://mirrors.netix.net/centos/"
"EU","Bulgaria","Sofia University \"St. Kliment Ohridski\"","http://uni-sofia.bg/","http://centos.uni-sofia.bg/centos/","ftp://centos.uni-sofia.bg/centos/","rsync://centos.uni-sofia.bg/centos/"
"EU","Bulgaria","Telecoms Ltd.","http://www.telecoms.bg/","http://centos.telecoms.bg/","ftp://centos.telecoms.bg/",""
"EU","Bulgaria","Telepoint Bulgaria","http://telepoint.bg/","http://mirror.telepoint.bg/centos/","ftp://mirror.telepoint.bg/centos/",""
"EU","Bulgaria","University of Ruse","http://www.uni-ruse.bg/","http://mirrors.uni-ruse.bg/centos/","ftp://mirrors.uni-ruse.bg/centos/",""
"EU","Croatia","Plus Hosting","http://www.plus.hr/","http://mirror.centos.plus.hr/centos/","ftp://mirror.centos.plus.hr/centos/","rsync://mirror.centos.plus.hr/centos"
"EU","Cyprus","Dept. of Computer Science, University of Cyprus","http://www.cs.ucy.ac.cy/","http://mirror.cs.ucy.ac.cy/centos/","ftp://mirror.cs.ucy.ac.cy/centos/",""
"EU","Czech Republic","Brno University of Technology","http://www.fit.vutbr.cz/","http://merlin.fit.vutbr.cz/mirrors/centos/","","rsync://merlin.fit.vutbr.cz/CentOS-incdvd/"
"EU","Czech Republic","Czech Technical University","http://www.cvut.cz","http://ftp.cvut.cz/centos/","ftp://ftp.cvut.cz/centos/",""
"EU","Czech Republic","Faculty of Informatics, Masaryk Univ.","http://www.fi.muni.cz/","http://ftp.fi.muni.cz/pub/linux/centos/","ftp://ftp.fi.muni.cz/pub/linux/centos/","rsync://ftp.fi.muni.cz/pub/linux/centos/"
"EU","Czech Republic","Hosting90 systems s.r.o.","http://www.hosting90.cz/","http://mirror.hosting90.cz/centos/","ftp://mirror.hosting90.cz/centos/",""
"EU","Czech Republic","Karneval Media","http://www.karneval.cz","http://mirror.karneval.cz/pub/centos/","ftp://mirror.karneval.cz/pub/centos/",""
"EU","Czech Republic","Silesian university in Opava","http://www.slu.cz/","http://mirror.slu.cz/centos/","ftp://mirror.slu.cz/centos/","rsync://mirror.slu.cz/centos/"
"EU","Denmark","Carlsberg Research Center","http://www.crc.dk/","http://ftp.crc.dk/centos/","ftp://ftp.crc.dk/pub/mirrors/centos/","rsync://ftp.crc.dk/CentOS/"
"EU","Denmark","KLID","http://klid.dk/","http://ftp.klid.dk/ftp/centos/","ftp://ftp.klid.dk/centos/",""
"EU","Denmark","Physics Dept, Technical Univ of Denmark","http://www.fys.dtu.dk/","http://mirror.fysik.dtu.dk/linux/centos/","",""
"EU","Estonia","Elion Enterprises Ltd","http://www.elion.ee/wwwmain?screenId=html.main&locale=en","http://ftp.estpak.ee/pub/centos/","ftp://ftp.estpak.ee/pub/centos/","rsync://ftp.estpak.ee/centos"
"EU","Finland","CSC / Funet","http://www.nic.funet.fi/","http://ftp.funet.fi/pub/mirrors/centos.org/","ftp://ftp.funet.fi/pub/mirrors/centos.org/","rsync://rsync.nic.funet.fi/ftp/pub/mirrors/centos.org/"
"EU","France","   Babylon Network","https://babylon.network/","http://fr.mirror.babylon.network/centos/","ftp://fr.mirror.babylon.network/centos/","rsync://fr.mirror.babylon.network/centos/"
"EU","France"," Institut Pasteur","http://www.pasteur.fr/","http://ftp.pasteur.fr/mirrors/CentOS/","ftp://ftp.pasteur.fr/mirrors/CentOS/","rsync://ftp.pasteur.fr/mirrors/CentOS/"
"EU","France","Atos Worldline","http://www.atos.net/","http://mirrors.atosworldline.com/public/centos/","",""
"EU","France","Avenir Telematique SAS","http://www.ate.info","http://centos.mirror.ate.info/","","rsync://centos.mirror.ate.info/centos/"
"EU","France","Centre de Calcul de l'IN2P3","http://cc.in2p3.fr/","http://mirror.in2p3.fr/linux/CentOS/","ftp://mirror.in2p3.fr/pub/linux/CentOS/","rsync://mirror.in2p3.fr/ftp/linux/CentOS/"
"EU","France","CIRIL","http://reseau.ciril.fr","http://ftp.ciril.fr/pub/linux/centos/","ftp://ftp.ciril.fr/pub/linux/centos/","rsync://ftp.ciril.fr/pub/linux/centos/"
"EU","France","Distrib Coffee","http://distrib-coffee.ipsl.jussieu.fr/","http://distrib-coffee.ipsl.jussieu.fr/pub/linux/centos/","ftp://distrib-coffee.ipsl.jussieu.fr/pub/linux/centos/","rsync://distrib-coffee.ipsl.jussieu.fr/pub/linux/centos/"
"EU","France","ftp.free.fr","","","ftp://ftp.free.fr/mirrors/ftp.centos.org/",""
"EU","France","IBCP","http://www.ibcp.fr/","http://mirror.ibcp.fr/pub/Centos/","",""
"EU","France","ircam","http://mirrors.ircam.fr/pub/CentOS/","http://mirrors.ircam.fr/pub/CentOS/","ftp://mirrors.ircam.fr/pub/CentOS/","rsync://mirrors.ircam.fr/CentOS/"
"EU","France","OVH","http://www.ovh.net","http://centos.mirrors.ovh.net/ftp.centos.org/","ftp://centos.mirrors.ovh.net/ftp.centos.org/","rsync://centos.mirrors.ovh.net/ftp.centos.org/"
"EU","France","PlanetHoster France","http://www.planethoster.net/","http://centos.mirror.fr.planethoster.net/","",""
"EU","France","PlusServer GmbH","https://www.plusserver.com/","http://mirror.plusserver.com/centos/","",""
"EU","France","RelouFR Networks","http://www.reloumirrors.net/","http://centos.crazyfrogs.org/","","rsync://centos.crazyfrogs.org/centos/"
"EU","France","Rezopole","http://www.rezopole.net/","http://ftp.rezopole.net/centos/","ftp://ftp.rezopole.net/centos/","rsync://ftp.rezopole.net/centos/"
"EU","France","Rpmfind","http://rpmfind.net/","http://fr2.rpmfind.net/linux/centos/","ftp://fr2.rpmfind.net/linux/centos/","rsync://fr2.rpmfind.net/linux/centos/"
"EU","France","Syntis","http://www.syntis.net/","http://mir01.syntis.net/CentOS/","ftp://mir01.syntis.net/CentOS/","rsync://mir01.syntis.net/CentOS"
"EU","France","Trisect Networks","http://mirror.trisect.eu/","http://centos.trisect.eu/","ftp://centos.trisect.eu/CentOS/","rsync://centos.trisect.eu/CentOS/"
"EU","France","Université Paris 13","http://www.univ-paris13.fr/","http://miroir.univ-paris13.fr/centos/","",""
"EU","France","W2K.CH","https://www.w2k.ch/","http://mirror.w2k.ch/centos/","",""
"EU","France","Wandrebeck (Private Mirror)","","http://centos.quelquesmots.fr/","",""
"EU","Georgia","Caucasus Online","http://www.co.ge/","http://centos.mirror.srv.co.ge/","",""
"EU","Georgia","Wanex LLC (ISP)","http://www.wanex.net","http://mirror.centos.ge/","ftp://mirror.centos.ge/",""
"EU","Germany","1&1 Internet AG","http://www.1and1.com/","http://mirror.eu.oneandone.net/linux/distributions/centos/","ftp://mirror.eu.oneandone.net/linux/distributions/centos/","rsync://mirror.eu.oneandone.net/centos/"
"EU","Germany","23Media GmbH","http://www.23media.de/","http://mirror.23media.de/centos/","ftp://mirror.23media.de/centos/","rsync://mirror.23media.de/centos/"
"EU","Germany","Artfiles New Media GmbH ","http://www.artfiles.de/","http://artfiles.org/centos.org/","ftp://artfiles.org/centos.org/",""
"EU","Germany","AS250.net Foundation","","http://centos.mirrors.as250.net/","",""
"EU","Germany","Checkdomain GmbH","http://www.checkdomain.de/","http://mirror.checkdomain.de/centos","ftp://mirror.checkdomain.de/centos",""
"EU","Germany","Copahost","http://www.copahost.com/","http://centos.copahost.com/","",""
"EU","Germany","cuegee it gmbh","https://cuegee.de/","http://mirror.cuegee.de/centos/","","rsync://mirror.cuegee.de/centos/"
"EU","Germany","EUserv Internet","http://www.euserv.com/","http://mirror.euserv.net/linux/centos/","ftp://mirror.euserv.net/linux/centos/","rsync://mirror.euserv.net/centos/"
"EU","Germany","Faerber (Private Mirror)","","http://mirror.maeh.org/centos/","ftp://mirror.maeh.org/centos/",""
"EU","Germany","Fraunhofer-Gesellschaft","http://www.fraunhofer.de/","","ftp://mirror.fraunhofer.de/centos.org/",""
"EU","Germany","Friedrich-Alexander-Universität Erlangen-Nürnberg","http://www.fau.de/","http://ftp.fau.de/centos/","ftp://ftp.fau.de/centos/","rsync://ftp.fau.de/centos/"
"EU","Germany","Host Europe","http://www.hosteurope.de/","http://ftp.hosteurope.de/mirror/centos.org/","ftp://ftp.hosteurope.de/mirror/centos.org/","rsync://ftp.hosteurope.de/centos/"
"EU","Germany","IMT-Systems GmbH","http://www.imt-systems.com/","http://mirror.imt-systems.com/centos/","ftp://mirror.imt-systems.com/centos/","rsync://mirror.imt-systems.com/centos/"
"EU","Germany","Intergenia","http://www.server4you.de/","http://centos.intergenia.de/","","rsync://centos.intergenia.de/centos-linux/"
"EU","Germany","Juergen Gotteswinter (private)","","http://mirror.jgotteswinter.com/centos/","ftp://ftp.jgotteswinter.com/centos/","rsync://rsync.jgotteswinter.com/centos/"
"EU","Germany","LeaseWeb Germany","http://www.leaseweb.com/","http://mirror.de.leaseweb.net/centos/","ftp://mirror.de.leaseweb.net/centos/","rsync://mirror.de.leaseweb.net/centos/"
"EU","Germany","Leibniz UniversitÃ¤t IT Services","http://www.rrzn.uni-hannover.de/","http://ftp.rrzn.uni-hannover.de/centos/","ftp://ftp.rrzn.uni-hannover.de/centos/",""
"EU","Germany","LMU Muenchen, Dpt. Biologie 2, IT-Gruppe","http://zi.bio.lmu.de/","http://centos.bio.lmu.de/","ftp://centos.bio.lmu.de/centos/","rsync://centos.bio.lmu.de/CentOS/"
"EU","Germany","NetCologne","http://netcologne.de","http://mirror.netcologne.de/centos/","ftp://mirror.netcologne.de/centos/","rsync://mirror.netcologne.de/centos/"
"EU","Germany","netcup GmbH","http://www.netcup.de/","http://centosmirror.netcup.net/centos/","ftp://centosmirror.netcup.net/centos/",""
"EU","Germany","Plus.line AG","http://www.plusline.de","http://ftp.plusline.de/centos/","ftp://ftp.plusline.de/pub/centos/","rsync://ftp.plusline.de/CentOS/"
"EU","Germany","PSW Group","http://www.psw.net/","http://centos.mirrors.psw.services/centos/","",""
"EU","Germany","ratiokontakt GmbH","http://www.ratiokontakt.de/","http://mirror.ratiokontakt.de/mirror/centos/","",""
"EU","Germany","Rechenzentrum Universität Bayreuth","http://www.rz.uni-bayreuth.de/","http://ftp.uni-bayreuth.de/linux/CentOS/","ftp://ftp.uni-bayreuth.de/pub/linux/CentOS/","rsync://rsync.uni-bayreuth.de/CentOS/"
"EU","Germany","RWTH Aachen University","http://www.rwth-aachen.de","http://ftp.halifax.rwth-aachen.de/centos/","ftp://ftp.halifax.rwth-aachen.de/centos/","rsync://ftp.halifax.rwth-aachen.de/centos/"
"EU","Germany","Schlund Technologies GmbH","http://www.schlundtech.de/","http://centos.schlundtech.de/","ftp://centos.schlundtech.de/centos/","rsync://centos.schlundtech.de/centos/"
"EU","Germany","Softaculous ltd.","http://www.softaculous.com/","http://mirror.softaculous.com/centos/","",""
"EU","Germany","TU Chemnitz","http://www.tu-chemnitz.de/","http://wftp.tu-chemnitz.de/pub/linux/centos/","ftp://ftp.tu-chemnitz.de/pub/linux/centos/","rsync://rsync.hrz.tu-chemnitz.de/ftp/pub/linux/centos/"
"EU","Germany","University of Applied Sciences Esslingen","http://www.hs-esslingen.de/","http://ftp-stud.fht-esslingen.de/pub/Mirrors/centos/","ftp://ftp-stud.fht-esslingen.de/pub/Mirrors/centos/","rsync://ftp-stud.fht-esslingen.de/centos/"
"EU","Germany","University of Applied Sciences Esslingen 2","http://www.hs-esslingen.de/","http://mirror2.hs-esslingen.de/centos/","","rsync://mirror2.hs-esslingen.de/centos/"
"EU","Germany","University of Applied Sciences Fulda","http://www.hs-fulda.de/","http://mirror.informatik.hs-fulda.de/centos","","rsync://mirror.informatik.hs-fulda.de/centos/"
"EU","Germany","Warren Myers","http://warrenmyers.com/","http://centos.datente.com/media/","",""
"EU","Germany","WRZ - Weseler Rechenzentrum","http://www.wrz.de/","http://ftp.wrz.de/pub/CentOS/","ftp://ftp.wrz.de/pub/CentOS/",""
"EU","Greece","Computer Center, University of Crete","http://www.cc.uoc.gr/","http://ftp.cc.uoc.gr/CentOS/","ftp://ftp.cc.uoc.gr/CentOS/",""
"EU","Greece","Hellenic Telecommunications Organization","http://www.ote.gr/","http://ftp.otenet.gr/linux/centos/","ftp://ftp.otenet.gr/pub/linux/centos/",""
"EU","Greece","NTUA","http://www.ntua.gr/","http://ftp.ntua.gr/pub/linux/centos/","ftp://ftp.ntua.gr/pub/linux/centos/","rsync://ftp.ntua.gr/centos/"
"EU","Hungary","Free Software Network foundation","http://www.fsn.hu/","http://ftp.freepark.org/pub/linux/distributions/centos/","ftp://ftp.freepark.org/pub/linux/distributions/centos/","rsync://ftp.freepark.org/linux/centos/"
"EU","Hungary","Lonyai (private mirror)","","http://centos.lonyai.com/","",""
"EU","Iceland","Advania","http://www.advania.com/","http://centos.hysing.is/ ","",""
"EU","Iceland","Siminn","http://www.simnet.is/","http://www.fedora.is/CentOS/","ftp://ftp.fedora.is/pub/CentOS/",""
"EU","Iceland","TM Software","http://www.tm-software.com","http://centos.t.is/centos/","ftp://centos.t.is/centos/",""
"EU","Ireland","HEAnet","http://www.heanet.ie/about/index.html","http://ftp.heanet.ie/pub/centos/","ftp://ftp.heanet.ie/pub/centos/","rsync://ftp.heanet.ie/pub/centos/"
"EU","Italy","    GARR/CILEA","http://mirror.garr.it","http://ct.mirror.garr.it/mirrors/CentOS/","ftp://ct.mirror.garr.it/mirrors/CentOS/","rsync://ct.mirror.garr.it/CentOS/ "
"EU","Italy","   GARR/CILEA","http://mirror.garr.it","http://ba.mirror.garr.it/mirrors/CentOS/","ftp://ba.mirror.garr.it/mirrors/CentOS/","rsync://ba.mirror.garr.it/CentOS/ "
"EU","Italy","Clouditalia Communications","http://www.eutelia.it/","","ftp://ftp.eutelia.it/CentOS/",""
"EU","Italy","Contactlab","http://www.contactlab.com/","http://it.centos.contactlab.it/","",""
"EU","Italy","Crazy Network","http://crazynetwork.it/","http://mirror.crazynetwork.it/centos/","","rsync://mirror.crazynetwork.it/CentOS/"
"EU","Italy","Fastbull project","http://www.fastbull.org/home_english.html","http://centos.fastbull.org/centos/","",""
"EU","Italy","GARR/CILEA","http://mirror.garr.it","http://mi.mirror.garr.it/mirrors/CentOS/","ftp://mi.mirror.garr.it/mirrors/CentOS/","rsync://mi.mirror.garr.it/CentOS/"
"EU","Italy","Muzzy","http://www.muzzy.it/","http://centos.muzzy.it/","ftp://mirror.muzzy.it/centos/",""
"EU","Italy","Prometeus","http://www.prometeus.net/","http://mirrors.prometeus.net/centos/","",""
"EU","Latvia","koyanet.lv","","http://centos.koyanet.lv/centos/","ftp://centos.koyanet.lv/centos/",""
"EU","Latvia","Linux Center, University of Latvia","http://linux.edu.lv/index.php","http://centos.linux.edu.lv/","ftp://centos.linux.edu.lv/centos.linux.edu.lv/","rsync://centos.linux.edu.lv/centos/"
"EU","Latvia","Makonix SIA","http://makonix.com/","http://mirror.makonix.com/centos/","",""
"EU","Lithuania","Balticservers.com","http://www.balticservers.com/","http://mirror.duomenucentras.lt/centos/","ftp://mirror.duomenucentras.lt/centos/",""
"EU","Lithuania","Interneto vizija","http://www.serveriai.lt/","http://centos.mirror.serveriai.lt/","",""
"EU","Luxembourg","Datacenter Luxembourg","https://www.datacenter.eu/","http://mirror.dclux.com/centos/","",""
"EU","Luxembourg","root S.A","http://www.root.lu/","http://centos.mirror.root.lu/","ftp://mirror.root.lu/centos/","rsync://mirror.root.lu/CentOS"
"EU","Macedonia","Cabletel Macedonia","http://cabletel.com.mk/","http://mirror.cabletel.com.mk/centos/","",""
"EU","Macedonia","Macedonian Telecom","http://www.t-home.mk/","http://mirror.t-home.mk/centos/","","rsync://mirror.t-home.mk/centos/"
"EU","Moldova","FedoraMD.org","http://www.fedora.md/","http://repo.fedora.md/centos/","ftp://ftp.fedora.md/centos/",""
"EU","Netherlands","       Host-Engine.com","http://host-engine.com/","http://centos.ams.host-engine.com/","",""
"EU","Netherlands","    Babylon Network","https://babylon.network/","http://nl.mirror.babylon.network/centos/","ftp://nl.mirror.babylon.network/centos/","rsync://nl.mirror.babylon.network/centos/"
"EU","Netherlands","1000mbps.com","http://www.1000mbps.com/","http://mirror.1000mbps.com/centos/","ftp://mirror.1000mbps.com/centos/","rsync://mirror.1000mbps.com/centos/"
"EU","Netherlands","Amsio","http://www.amsio.com/","http://mirror.amsiohosting.net/centos.org/","ftp://mirror.amsiohosting.net/centos.org/","rsync://mirror.amsiohosting.net/CentOS/"
"EU","Netherlands","CJ2 Hosting & Development","http://www.cj2.nl/","http://mirror.cj2.nl/centos/","","rsync://mirror.cj2.nl/centos/"
"EU","Netherlands","Delft University of Technology","http://www.tudelft.nl/","http://ftp.tudelft.nl/centos.org/","ftp://ftp.tudelft.nl/pub/Linux/centos.org/",""
"EU","Netherlands","Denit Hosting Solutions","http://www.denit.nl/","http://mirror.denit.net/centos/","ftp://mirror.denit.net/",""
"EU","Netherlands","INTERACTIVE 3D","http://www.i3d.net/","http://mirror.i3d.net/pub/centos/","ftp://mirror.i3d.net/centos/","rsync://mirror.i3d.net/centos/"
"EU","Netherlands","LeaseWeb","http://www.leaseweb.com","http://mirror.nl.leaseweb.net/centos/","ftp://mirror.nl.leaseweb.net/centos/","rsync://mirror.nl.leaseweb.net/centos/"
"EU","Netherlands","Mj Webhosting","https://www.mjwebhosting.nl/","http://mirror.serverbeheren.nl/centos/","ftp://mirror.serverbeheren.nl/centos/","rsync://mirror.serverbeheren.nl/centos/"
"EU","Netherlands","NFOrce Entertainment B.V.","http://www.nforce.com/","http://mirror.nforce.com/pub/linux/CentOS/","ftp://mirror.nforce.com/pub/linux/CentOS/ ","rsync://mirror.nforce.com/CentOS/"
"EU","Netherlands","NLUUG","http://www.nluug.nl/","http://ftp.nluug.nl/ftp/pub/os/Linux/distr/CentOS/","ftp://ftp.nluug.nl/pub/os/Linux/distr/CentOS/","rsync://ftp.nluug.nl/centoslinux/"
"EU","Netherlands","Noction Ltd","http://www.noction.com/","http://mirrors.noction.com/centos/","ftp://mirrors.noction.com/centos/",""
"EU","Netherlands","Oxilion","http://www.oxilion.nl","http://mirror.oxilion.nl/centos/","ftp://mirror.oxilion.nl/centos/","rsync://mirror.oxilion.nl/centos/"
"EU","Netherlands","Previder BV","http://www.previder.nl/","http://mirror.previder.nl/centos/","ftp://mirror.previder.nl/centos/",""
"EU","Netherlands","Prolocation B.V.","http://www.prolocation.net/","http://mirror.prolocation.net/centos/","",""
"EU","Netherlands","Proserve","http://www.proserve.nl/","http://mirror.proserve.nl/centos/","ftp://mirror.proserve.nl/centos/",""
"EU","Netherlands","SIT Internetdiensten","http://www.sitbv.nl/","http://mirror.sitbv.nl/centos/","ftp://mirror.sitbv.nl/centos/","rsync://mirror.sitbv.nl/centos/"
"EU","Netherlands","Spango Internet BV","http://www.spango.com/nl/index.html","http://centos.mirror1.spango.com/","ftp://mirror1.spango.com/centos/",""
"EU","Netherlands","Supportex","http://supportex.net/","http://mirrors.supportex.net/centos/","",""
"EU","Netherlands","TransIP BV","http://www.transip.nl/","http://centos.mirror.transip.nl/","ftp://centos.mirror.transip.nl/centos/",""
"EU","Netherlands","Triple IT","http://www.triple-it.nl/","http://centos.mirror.triple-it.nl/","",""
"EU","Netherlands","University of Utrecht","http://www.cs.uu.nl/","http://linux.cs.uu.nl/centos/","ftp://ftp.cs.uu.nl/mirror/Linux/centos/","rsync://rsync.cs.uu.nl/CentOS/"
"EU","Netherlands","Webzilla","http://webzilla.com/","http://mirror.nl.webzilla.com/centos/","ftp://mirror.nl.webzilla.com/centos/","rsync://mirror.nl.webzilla.com/centos/"
"EU","Netherlands","WideXS","http://www.widexs.nl","http://mirror.widexs.nl/ftp/pub/os/Linux/distr/centos/","ftp://mirror.widexs.nl/pub/os/Linux/distr/centos/",""
"EU","Netherlands","Yourwebhoster.eu","http://yourwebhoster.eu/","http://mirror.yourwebhoster.eu/centos/","",""
"EU","Norway","University of Bergen","http://www.uib.no/","http://centos.uib.no/","ftp://centos.uib.no/pub/Linux/Distributions/centos/","rsync://centos.uib.no/centos/"
"EU","Norway","ViaNett AS","http://www.vianett.com/","http://centos.vianett.no/","",""
"EU","Poland"," Horyzont Technologie Internetowe Sp. z o.o.","http://www.horyzont.net/","http://centos2.hti.pl/","",""
"EU","Poland","AGH University of Science and Technology","http://www.agh.edu.pl/","http://ftp.agh.edu.pl/centos/","ftp://ftp.agh.edu.pl/centos",""
"EU","Poland","Grupa Onet.pl S.A.","http://www.onet.pl/","http://mirror.onet.pl/pub/mirrors/centos/","ftp://mirror.onet.pl/pub/mirrors/centos/","rsync://mirror.onet.pl/pub/mirrors/centos/"
"EU","Poland","HitMe.net.pl","http://www.hitme.net.pl/","http://centos.hitme.net.pl/","",""
"EU","Poland","Horyzont Technologie Internetowe Sp. z o.o.","http://www.horyzont.net/","http://centos1.hti.pl/","",""
"EU","Poland","ICM Warsaw","http://www.icm.edu.pl/","http://ftp.icm.edu.pl/pub/Linux/distributions/centos/","ftp://ftp.icm.edu.pl/pub/Linux/distributions/centos/","rsync://ftp.icm.edu.pl/pub/Linux/distributions/centos/"
"EU","Poland","Kielce Technology Park","http://www.technopark.kielce.pl/","http://mirror-pl.kielcetechnologypark.net/centos/","ftp://mirror-pl.kielcetechnologypark.net/centos/",""
"EU","Poland","Komster","http://www.komster.pl/","http://centos.komster.pl/","",""
"EU","Poland","LiveNet Sp. z o.o. ","http://www.slaskdatacenter.pl/","http://centos.slaskdatacenter.com/","ftp://centos.slaskdatacenter.com/","rsync://centos.slaskdatacenter.com/centos"
"EU","Poland","Opole University of Technology","http://www.po.opole.pl/","http://centos.po.opole.pl/","ftp://centos.po.opole.pl/centos/",""
"EU","Poland","pbone.net","http://www.pbone.net/","http://ftp.pbone.net/pub/centos/","ftp://ftp.pbone.net/pub/centos/","rsync://ftp.pbone.net/centos/"
"EU","Poland","Rzeszow University of Technology","http://www.prz.edu.pl/","http://ftp.prz.edu.pl/centos/","ftp://ftp.prz.edu.pl/pub/centos/","rsync://ftp.prz.edu.pl/centos/"
"EU","Poland","Szczecin University of Technology","http://www.ps.pl/","http://ftp.ps.pl/pub/Linux/CentOS/","ftp://ftp.ps.pl/pub/Linux/CentOS/",""
"EU","Poland","Vectra","http://www.vectra.pl/","http://ftp.vectranet.pl/centos/","ftp://ftp.vectranet.pl/centos/","rsync://ftp.vectranet.pl/centos/"
"EU","Poland","Wroclaw Centre for Networking and Supercomputing","http://www.wcss.pl/en/","http://ftp.wcss.pl/pub/linux/centos/","ftp://ftp.wcss.pl/pub/linux/centos/","rsync://ftp.wcss.pl/ftp/linux/centos/"
"EU","Portugal","Foundation for Science and Technology, National Scientific Computing Unit (FCT|FCCN)","http://www.fccn.pt/","http://mirror.fccn.pt/repos/pub/CentOS/","ftp://mirror.fccn.pt/pub/CentOS/",""
"EU","Portugal","ptisp","http://www.ptisp.pt/","http://centos.mirror.ptisp.pt/centos/","",""
"EU","Portugal","Univ. of Coimbra, Informatics Eng. Dept.","http://www.dei.uc.pt/","http://ftp.dei.uc.pt/pub/linux/CentOS/","ftp://ftp.dei.uc.pt/pub/linux/CentOS/",""
"EU","Portugal","University of Porto","http://www.up.pt/","http://ftp.up.pt/CentOS/","ftp://ftp.up.pt/pub/CentOS/","rsync://ftp.up.pt/pub/CentOS/"
"EU","Romania","BizTelecom Romania","http://www.biztelecom.ro/","http://mirrors.biztelecom.ro/centos/","","rsync://mirrors.biztelecom.ro/centos/"
"EU","Romania","CH-Center Hosting","http://www.ch-center.com/","http://mirrors.ch-center.com/centos/","",""
"EU","Romania","Lucian Blaga University of Sibiu","http://www.ulbsibiu.ro","http://mirrors.ulbsibiu.ro/centos/","ftp://mirrors.ulbsibiu.ro/centos/ ",""
"EU","Romania","M247 Europe","http://www.m247.ro/","http://mirrors.m247.ro/centos/","ftp://mirrors.m247.ro/centos/","rsync://mirrors.m247.ro/centos/"
"EU","Romania","Romanian Linux Users Group (ines)","http://www.lug.ro/","http://ftp.ines.lug.ro/centos/","ftp://ftp.ines.lug.ro/centos/",""
"EU","Romania","Romtelecom","http://cyberhost.ro/","http://centos-mirror.cyberhost.ro/","ftp://centos-mirror.cyberhost.ro/",""
"EU","Romania","SRV.ro","http://www.srv.ro","","ftp://download.srv.ro/pub/centos/",""
"EU","Romania","Telepoint","http://telepoint.bg/","http://mirror.telepoint.bg/centos","ftp://mirror.telepoint.bg/centos",""
"EU","Romania","Universitatea Aurel Vlaicu","http://www.uav.ro/","http://mirrors.uav.ro/centos/","ftp://mirrors.uav.ro/centos/",""
"EU","Romania","UPC Romania","http://www.upc.ro/","http://ftp.upcnet.ro/distros/centos/","ftp://ftp.upcnet.ro/distros/centos/",""
"EU","Romania","Xservers.ro","http://www.xservers.ro/","http://mirrors.xservers.ro/centos/","",""
"EU","Russia"," Tver State University","","http://mirror.tversu.ru/centos/","",""
"EU","Russia","Awanti ISP","http://www.awanti.com/","http://mirror.awanti.com/centos/","ftp://mirror.awanti.com/centos/",""
"EU","Russia","Corbina Telecom","http://www.corbina.net/","http://mirror.corbina.net/pub/Linux/centos/","ftp://mirror.corbina.net/pub/Linux/centos/","rsync://mirror.corbina.net/centos"
"EU","Russia","Eugene Kirillov","http://www.digitalhusky.com/","http://mirror.digitalhusky.com/centos/","",""
"EU","Russia","H1","https://www.h1host.ru/","http://mirror.h1host.ru/centos/","ftp://mirror.h1host.ru/centos/","rsync://mirror.h1host.ru/centos/"
"EU","Russia","Logol Hosting Company","http://logol.ru/","http://mirror.logol.ru/centos/","ftp://mirror.logol.ru/centos/","rsync://mirror.logol.ru/centos/"
"EU","Russia","Novosibirsk State University","http://nsu.ru","http://mirror.nsu.ru/centos/","ftp://mirror.nsu.ru/centos/",""
"EU","Russia","Satellite-Service Ltd","http://satellite-service.ru/","http://mirror.satellite-service.ru/centos/","ftp://mirror.satellite-service.ru/centos/",""
"EU","Russia","Yandex","http://www.yandex.ru/","http://mirror.yandex.ru/centos/","ftp://mirror.yandex.ru/centos/","rsync://mirror.yandex.ru/centos/"
"EU","Slovakia","Energotel a.s","http://www.energotel.sk/","http://ftp.energotel.sk/pub/linux/centos/","ftp://ftp.energotel.sk/pub/linux/centos/",""
"EU","Slovakia","Rainside","http://www.rainside.sk/","http://tux.rainside.sk/centos/","ftp://tux.rainside.sk/centos/",""
"EU","Slovakia","University of P.J.Safarik","http://www.upjs.sk/","http://ftp.upjs.sk/pub/centos/","ftp://ftp.upjs.sk/pub/centos/",""
"EU","Slovenia","ARNES","http://www.arnes.si/","http://ftp.arnes.si/pub/mirrors/centos.org/","ftp://ftp.arnes.si/mirrors/centos.org/",""
"EU","Slovenia","lihnidos.org","http://www.lihnidos.org","http://mirror.lihnidos.org/CentOS/","",""
"EU","Slovenia","T-2 d.o.o.","http://www.t-2.net/","http://centos.t-2.net/","",""
"EU","Slovenia","xGroup","http://xgroup.si","http://mirrors.xgroup.si/CentOS/","",""
"EU","Spain"," Universidad de Malaga","http://www.uma.es/","http://ftp.uma.es/mirror/CentOS/","ftp://ftp.uma.es/mirror/CentOS/",""
"EU","Spain","CADT Software and Drafting, S.L. ","http://www.cadt.com/","http://centos.cadt.com/","",""
"EU","Spain","Centro Inform. Cientifico de Andalucia","http://www.cica.es/","http://ftp.cica.es/CentOS/","ftp://ftp.cica.es/CentOS/","rsync://rsync.cica.es/CentOS/"
"EU","Spain","CESCA","http://www.cesca.cat/","","ftp://ftp.cesca.cat/centos/","rsync://ftp.cesca.cat/centos/"
"EU","Spain","GRUPO TEDRA","https://www.tedra.es","http://mirror.tedra.es/CentOS/","ftp://mirror.tedra.es/CentOS/",""
"EU","Spain","IRTIC/Universidad de Valencia","http://irtic.uv.es/","http://mirror.uv.es/mirror/CentOS/","ftp://mirror.uv.es/mirror/CentOS/","rsync://mirror.uv.es/CentOS/"
"EU","Spain","Oficina de Software Libre do CIXUG","http://www.cixug.es/osl/oficina/","http://ftp.cixug.es/CentOS/","ftp://ftp.cixug.es/CentOS/",""
"EU","Spain","RedIRIS, Spanish National Research Net.","http://www.rediris.es/index.en.html","http://sunsite.rediris.es/mirror/CentOS/","ftp://ftp.rediris.es/mirror/CentOS/",""
"EU","Spain","University of Seville (Spain)","http://www.us.es/","http://nervion.us.es/centos/","",""
"EU","Spain","Xtratelecom S.A.","http://www.xtratelecom.es/","http://centos.mirror.xtratelecom.es/","","rsync://centos.mirror.xtratelecom.es/CentOS"
"EU","Sweden","Ember AB","http://www.ember.se/","http://ftp.ember.se/centos/","ftp://ftp.ember.se/centos/",""
"EU","Sweden","Halmstad University","http://www.hh.se/","http://mirror.hh.se/centos/","ftp://mirror.hh.se/centos/",""
"EU","Sweden","Lysator","http://www.lysator.liu.se/english.html","http://ftp.lysator.liu.se/pub/CentOS/","ftp://ftp.lysator.liu.se/pub/CentOS/","rsync://ftp.lysator.liu.se/pub/CentOS/"
"EU","Sweden","National Supercomputer Centre, Linkoping University","https://www.nsc.liu.se/","http://mirror.nsc.liu.se/CentOS/","ftp://mirror.nsc.liu.se/CentOS/","rsync://mirror.nsc.liu.se/CentOS"
"EU","Sweden","Zetup AB","http://www.zetup.se/","http://mirror.zetup.net/CentOS/","",""
"EU","Switzerland","Adfinis SyGroup AG","https://adfinis-sygroup.ch/","http://pkg.adfinis-sygroup.ch/centos/","",""
"EU","Switzerland","CERN","http://cern.ch/","http://linuxsoft.cern.ch/centos/","","rsync://linuxsoft.cern.ch/centos/"
"EU","Switzerland","Sascha Spreitzer","http://spreitzer.ch/","http://mirror.spreitzer.ch/centos/","","rsync://mirror.spreitzer.ch/centos/"
"EU","Switzerland","SWITCHmirror","http://mirror.switch.ch","http://mirror.switch.ch/ftp/mirror/centos/","ftp://mirror.switch.ch/mirror/centos/",""
"EU","Turkey","Alastyr","http://www.alastyr.com/","http://mirror.alastyr.com/centos/","",""
"EU","Turkey","Bogazici University","http://www.boun.edu.tr/","http://repo.boun.edu.tr/centos/","ftp://repo.boun.edu.tr/centos/",""
"EU","Turkey","CityNet Host","http://www.citynethost.com","http://mirror.city.net.tr/centos/","",""
"EU","Turkey","DGN Teknoloji","http://www.dgn.net.tr","http://mirror.dgn.net.tr/centos/","",""
"EU","Turkey","Fibersunucu Internet Hizmetleri","http://www.fibersunucu.com.tr/","http://mirror.fibersunucu.com.tr/centos/","",""
"EU","Turkey","iDeal Hosting","http://www.idealhosting.net.tr","http://mirror.idealhosting.net.tr/centos/","",""
"EU","Turkey","Istanbul Technical University","http://www.itu.edu.tr/","http://ftp.itu.edu.tr/Mirror/CentOS/","ftp://ftp.itu.edu.tr/Mirror/CentOS/",""
"EU","Turkey","Netinternet","https://netinternet.com.tr/","http://mirror.ni.net.tr/centos/","","rsync://mirror.ni.net.tr/centos/"
"EU","Turkey","Radore","http://radore.com/","http://mirror.radoreservers.com/centos/","ftp://mirror.radoreservers.com/centos/","rsync://mirror.radoreservers.com/centos/"
"EU","Turkey","Saglayici","http://www.saglayici.com/","http://mirror.saglayici.com/centos/","",""
"EU","Turkey","Turkish Linux User's Association","http://www.linux.org.tr/ ","http://ftp.linux.org.tr/centos/","ftp://ftp.linux.org.tr/centos/","rsync://ftp.linux.org.tr/centos/"
"EU","Turkey","VeriTeknik I.T.","http://www.veriteknik.com/","http://mirror.rackdc.com/CentOS/","",""
"EU","Turkey","Vital Technology","http://www.vit.com.tr/","http://mirror.vit.com.tr/mirror/CentOS/","ftp://mirror.vit.com.tr/CentOS/",""
"EU","Ukraine","BestHosting","http://besthosting.ua/","http://mirror.besthosting.ua/","","rsync://mirror.besthosting.ua/CentOS/"
"EU","Ukraine","Colocall Internet Data Center","http://www.colocall.net/","http://ftp.colocall.net/pub/centos/","ftp://ftp.colocall.net/pub/centos/",""
"EU","Ukraine","IT&T Consulting","https://itt-consulting.com/","http://centos.itt-consulting.com/","",""
"EU","Ukraine","Mirohost","http://mirohost.net/","http://mirror.mirohost.net/centos/","ftp://mirror.mirohost.net/centos/",""
"EU","Ukraine","Omnilance Ltd","http://omnilance.com/","http://mirror.omnilance.com/centos/","ftp://mirror.omnilance.com/centos/",""
"EU","Ukraine","Vinnytsia IP-Connect","http://ip-connect.vn.ua/","http://centos.ip-connect.vn.ua/","ftp://centos.ip-connect.vn.ua/mirror/centos/","rsync://centos.ip-connect.vn.ua/centos/"
"EU","United Kingdom","AS29550.net","http://mirror.as29550.net/","http://mirror.as29550.net/mirror.centos.org/","ftp://mirror.as29550.net/mirror.centos.org/",""
"EU","United Kingdom","Bigstep Cloud Limited","http://www.bigstep.com/","http://repo.bigstepcloud.com/centos/","",""
"EU","United Kingdom","Bytemark","http://www.bytemark.co.uk/","http://mirror.bytemark.co.uk/centos/","ftp://mirror.bytemark.co.uk/centos/","rsync://mirror.bytemark.co.uk/centos"
"EU","United Kingdom","Clouvider Limited","https://www.clouvider.co.uk/","http://mirrors.clouvider.net/CentOS/","",""
"EU","United Kingdom","Coreix","http://www.coreix.net/","http://mirrors.coreix.net/centos/","",""
"EU","United Kingdom","EconDC","http://www.econdc.com/","http://mirror.econdc.com/centos/","",""
"EU","United Kingdom","Freethought Internet","https://www.freethought-internet.co.uk/","http://mirror.freethought-internet.co.uk/centos/","ftp://mirror.freethought-internet.co.uk/centos/","rsync://mirror.freethought-internet.co.uk/centos/"
"EU","United Kingdom","Goscomb Technologies Limited","http://www.goscomb.net/","http://mirror.sov.uk.goscomb.net/centos/","ftp://mirror.sov.uk.goscomb.net/centos/",""
"EU","United Kingdom","Hyve Ltd.","http://www.hyve.com/","http://centos.hyve.com/","",""
"EU","United Kingdom","Melbourne Server Hosting Ltd.","http://www.melbourne.co.uk/","http://mirrors.melbourne.co.uk/sites/ftp.centos.org/centos/","ftp://mirrors.melbourne.co.uk/sites/ftp.centos.org/centos/",""
"EU","United Kingdom","Oxford University Computing Services","http://www.oucs.ox.ac.uk/","http://mirror.ox.ac.uk/sites/mirror.centos.org/","ftp://mirror.ox.ac.uk/sites/mirror.centos.org/",""
"EU","United Kingdom","Pulsant Ltd.","http://www.pulsant.co.uk/","http://centos.mirroring.pulsant.co.uk/","ftp://centos.mirroring.pulsant.co.uk/centos/",""
"EU","United Kingdom","ServerSpace Ltd","http://www.serverspace.co.uk/","http://centos.serverspace.co.uk/centos/","ftp://centos.serverspace.co.uk/centos/","rsync://centos.serverspace.co.uk/centos/"
"EU","United Kingdom","Simwood eSMS Limited","http://www.simwood.com/","http://mirror.simwood.com/centos/","",""
"EU","United Kingdom","UK Mirror Service - Univ. Kent","http://www.mirrorservice.org/","http://www.mirrorservice.org/sites/mirror.centos.org/","ftp://ftp.mirrorservice.org/sites/mirror.centos.org/","rsync://rsync.mirrorservice.org/mirror.centos.org/"
"EU","United Kingdom","UK Servers","http://www.ukservers.com/","http://mirror.cov.ukservers.com/centos/","ftp://mirror.cov.ukservers.com/centos/",""
"EU","United Kingdom","UKFast.net Ltd","http://www.ukfast.co.uk/","http://mirrors.ukfast.co.uk/sites/ftp.centos.org/","ftp://mirrors.ukfast.co.uk/ftp.centos.org/",""
"EU","United Kingdom","UKHost4u","http://www.ukhost4u.com/","http://mirror.ukhost4u.com/centos/","ftp://ftp.mirror.ukhost4u.com/centos/",""
"EU","United Kingdom","VooServers","http://vooservers.com/","http://mirrors.vooservers.com/centos/","",""
"EU","United Kingdom","Vorboss Ltd","http://www.vorboss.com/","http://mirror.vorboss.net/centos/","",""
"EU","United Kingdom","Warwick University","http://www2.warwick.ac.uk/fac/sci/csc/","http://anorien.csc.warwick.ac.uk/mirrors/centos/","ftp://anorien.csc.warwick.ac.uk/CentOS/","rsync://anorien.csc.warwick.ac.uk/CentOS/"
"EU","United Kingdom","XILO Communications Ltd.","http://www.xilo.net/","http://mirror.mhd.uk.as44574.net/mirror.centos.org/","",""
"Greenland","","Tele Greenland","http://www.tele.gl","http://mirror.greennet.gl/centos/","",""
"Middle East","Israel","Daskal","www.daskal.co.il","http://mirrors.daskal.co.il","",""
"Middle East","Israel","Interhost Networks","http://www.interhost.co.il/","http://centos.syn.co.il/","","rsync://centos.syn.co.il/centos/"
"Middle East","Israel","Israel Internet Association (ISOC-IL)","http://www.isoc.org.il/","http://mirror.isoc.org.il/pub/centos/","ftp://mirror.isoc.org.il/pub/centos/",""
"Middle East","Israel","Joinweb Hosting Ltd","http://www.joinweb.co.il/","http://centos.joinweb.co.il/","",""
"Middle East","Israel","NonStop","http://nonstop.co.il/","http://mirror.nonstop.co.il/centos/","",""
"Middle East","Israel","SPD Hosting LTD","http://www.spd.co.il/","http://centos.spd.co.il/","",""
"North America","Bahamas","Secure Hosting Ltd","http://www.securehost.com/","http://mirrors.securehost.com/centos/","",""
"North America","Mexico","BLAZAR Communications, S.A. de C.V.","http://www.blazar.com.mx/","http://centos.blazar.mx/","",""
"North America","Puerto Rico","University of Puerto Rico","http://www.uprm.edu/","http://mirrors.uprm.edu/centos/","",""
"Oceania","Australia"," HostLink","http://hostlink.com.au/","http://centos.mirror.nsw.au.hostlink.com.au/","",""
"Oceania","Australia","'yes' Optus MIrror","http://www.optuszoo.com.au/","http://mirror.optus.net/centos/","ftp://mirror.optus.net/centos/",""
"Oceania","Australia","AARNet","http://mirror.aarnet.edu.au/","http://mirror.aarnet.edu.au/pub/centos/","","rsync://mirror.aarnet.edu.au/centos/"
"Oceania","Australia","Colocity","http://www.colocity.com/","http://mirror.colocity.com/centos/","",""
"Oceania","Australia","Crucial Cloud Hosting","http://www.crucial.com.au/","http://centos.mirror.crucial.com.au/","ftp://centos.mirror.crucial.com.au/centos/","rsync://mirror.crucial.com.au/CentOS/"
"Oceania","Australia","Digital Pacific","http://www.digitalpacific.com.au/","http://centos.mirror.digitalpacific.com.au/","","rsync://mirror.digitalpacific.com.au/centos/"
"Oceania","Australia","Hostcentral","http://www.hostcentral.net.au/","http://mirror.as24220.net/pub/centos/","ftp://mirror.as24220.net/pub/centos/","rsync://mirror.as24220.net/centos/"
"Oceania","Australia","Internode","http://www.internode.on.net/","http://mirror.internode.on.net/pub/centos/","",""
"Oceania","Australia","Over The Wire","http://www.overthewire.com.au/","http://mirror.overthewire.com.au/pub/centos/","ftp://mirror.overthewire.com.au/centos/","rsync://mirror.overthewire.com.au/centos/"
"Oceania","Australia","Servers Australia Pty Ltd.","http://www.serversaustralia.com.au/","http://centos.mirror.serversaustralia.com.au/","",""
"Oceania","Australia","Swinburne University of Technology","http://www.swin.edu.au/","http://ftp.swin.edu.au/centos/","ftp://ftp.swin.edu.au/centos/","rsync://ftp.swin.edu.au/centos/"
"Oceania","Australia","UberGlobal","http://www.uber.com.au/","http://centos.uberglobalmirror.com/","","rsync://uberglobalmirror.com/centos/"
"Oceania","Australia","VentraIP Group (Australia) Pty Ltd","http://www.ventraip.com.au/","http://mirror.ventraip.net.au/CentOS/","ftp://mirror.ventraip.net.au/CentOS/",""
"Oceania","New Caledonia","OFFRATEL LAGOON","http://www.lagoon.nc/","http://mirror.lagoon.nc/centos/","ftp://mirror.lagoon.nc/centos/","rsync://mirror.lagoon.nc/centos/"
"Oceania","New Zealand","University of Canterbury","http://canterbury.ac.nz/","http://ucmirror.canterbury.ac.nz/linux/CentOS/","ftp://ucmirror.canterbury.ac.nz/pub/linux/CentOS/",""
"Oceania","New Zealand","wicks.co.nz","http://wicks.co.nz/","http://ftp.wicks.co.nz/pub/linux/dist/centos/","ftp://ftp.wicks.co.nz/pub/linux/dist/centos/","rsync://ftp.wicks.co.nz/pub/linux/dist/centos/"
"Oceania","New Zealand","WorldxChange Communications Ltd","http://wxc.co.nz/","http://mirror.xnet.co.nz/pub/centos/","ftp://mirror.xnet.co.nz/pub/centos/",""
"South America","Argentina","xfree.com","http://www.xfree.com.ar/","http://centos.xfree.com.ar/","",""
"South America","Brazil","Brisanet Internet","http://www.brisanet.com.br/","http://centos.brisanet.com.br/","",""
"South America","Brazil","Centro de Computação Eletrônica / University of Sao Paulo","http://www.cce.usp.br/","http://linorg.usp.br/CentOS","","rsync://linorg.usp.br/CentOS"
"South America","Brazil","Globo.com","http://www.globo.com/","http://mirror.globo.com/centos/","",""
"South America","Brazil","Instituto Federal do Espírito Santo","http://www.ci.ifes.edu.br/","http://mirror.ci.ifes.edu.br/centos/","",""
"South America","Brazil","NB Telecom","http://www.nbtelecom.com.br/","http://mirror.nbtelecom.com.br/centos/","","rsync://mirror.nbtelecom.com.br/centos/"
"South America","Brazil","SecrelNet","http://secrel.com.br/","http://centos.secrel.com.br/","",""
"South America","Brazil","State University of Campinas - UNICAMP","http://www.ccuec.unicamp.br/","http://ftp.unicamp.br/pub/centos/","ftp://ftp.unicamp.br/pub/centos/","rsync://ftp.unicamp.br/centos/"
"South America","Brazil","Universidade Federal do Espírito Santo","http://www.ufes.br/","http://centos.ufes.br/","","rsync://centos.ufes.br/centos/"
"South America","Brazil","XPG","http://www.xpg.com.br/","http://centos.xpg.com.br/","",""
"South America","Chile","Gtdinternet S.A.","","http://mirror.gtdinternet.com/","ftp://mirror.gtdinternet.com/pub/Linux/CentOS/",""
"South America","Chile","Universidad Tecnica Federico Santa Maria","http://portal.inf.utfsm.cl/","","ftp://ftp.inf.utfsm.cl/pub/Linux/CentOS/","rsync://ftp.inf.utfsm.cl/pub/Linux/CentOS/"
"South America","Colombia","EDATEL ISP","http://www.edatel.net.co/","http://mirror.edatel.net.co/centos/","",""
"South America","Costa Rica","University of Costa Rica","http://www.ucr.ac.cr/","http://mirrors.ucr.ac.cr/centos/","ftp://mirrors.ucr.ac.cr/centos/","rsync://mirrors.ucr.ac.cr/centos/"
"South America","Ecuador","Consorcio Ecuatoriano para el Desarrollo de Internet Avanzado","http://www.cedia.org.ec/","http://mirror.cedia.org.ec/centos/","","rsync://mirror.cedia.org.ec/centos"
"South America","Ecuador","Escuela PolitÃ©cnica Nacional","http://www.epn.edu.ec/","http://mirror.epn.edu.ec/centos/","","rsync://mirror.epn.edu.ec/centos/"
"South America","Ecuador","ESPOCH (Escuela Superior Politécnica de Chimborazo)","http://www.espoch.edu.ec/","http://mirror.espoch.edu.ec/centos/","","rsync://mirror.espoch.edu.ec/centos/"
"South America","Ecuador","Universidad Estatal de Bolivar","http://www.ueb.edu.ec/","http://mirror.ueb.edu.ec/centos/","",""
"South America","Ecuador","Universidad TÃ©cnica de Ambato, Tungurahua","http://www.uta.edu.ec/","http://mirror.uta.edu.ec/centos/","ftp://mirror.uta.edu.ec/centos/","rsync://mirror.uta.edu.ec/centos/"
"South America","French Guiana","WAYSCOM","http://www.wayscom.com/","http://mirror.wayscom.com/centos/","ftp://mirror.wayscom.com/centos/",""
"South America","Paraguay","TELECEL S. A.","http://www.tigo.com.py/","http://mirror.tigo.com.py/centos/","","rsync://mirror.tigo.com.py/centos/"
"US","","Oregon State University","http://osuosl.org/","http://ftp.osuosl.org/pub/centos/","ftp://ftp.osuosl.org/pub/centos/","rsync://ftp.osuosl.org/centos/"
"US","","Rackspace","http://www.rackspace.com/","http://mirror.rackspace.com/CentOS/","",""
"US","AK","Arctic Region Supercomputing Center","http://www.arsc.edu/","http://mirrors.arsc.edu/centos/","ftp://mirrors.arsc.edu/centos/",""
"US","AL","Millry Telephone Co","http://www.millry.net/","http://mirror.millry.co/CentOS/","ftp://mirror.millry.co/",""
"US","AL","Teklinks","http://teklinks.com/","http://mirror.teklinks.com/centos/","ftp://mirror.teklinks.com/centos/",""
"US","AZ","1GServers","http://www.1gservers.com/","http://centos-distro.1gservers.com/","ftp://centos-distro.1gservers.com/","rsync://centos-distro.1gservers.com"
"US","AZ","Cavecreek Web Hosting","http://www.cavecreek.net/","http://centos-distro.cavecreek.net/centos/","",""
"US","AZ","N5 Tech","http://www.n5tech.com/","http://mirror.n5tech.com/centos/","ftp://mirror.n5tech.com/centos/",""
"US","CA"," Enzu Inc.","http://www.enzu.com/","http://mirror.scalabledns.com/centos/","ftp://mirror.scalabledns.com/centos/","rsync://mirror.scalabledns.com/centos/"
"US","CA","5Nine Solutions","http://www.5ninesolutions.com/","http://mirror.5ninesolutions.com/centos/","ftp://mirror.5ninesolutions.com/pub/mirror/centos/","rsync://mirror.5ninesolutions.com/centos/"
"US","CA","Energy Sciences Network","http://www.es.net/","http://linux.mirrors.es.net/centos/","ftp://linux.mirrors.es.net/centos/","rsync://linux.mirrors.es.net/centos/"
"US","CA","Fast Serv Networks, LLC","http://www.fastserv.com/web/","http://mirror.san.fastserv.com/pub/linux/centos/","ftp://mirror.san.fastserv.com/pub/linux/centos/",""
"US","CA","Harvey Mudd College","http://www.hmc.edu","http://mirror.hmc.edu/centos/","",""
"US","CA","Host Duplex, LLC","http://www.hostduplex.com/","http://mirror.hostduplex.com/centos/","ftp://mirror.hostduplex.com/centos/","rsync://mirror.hostduplex.com/centos/"
"US","CA","keystealth.org","","http://mirror.keystealth.org/centos/","ftp://mirror.keystealth.org/centos/","rsync://mirror.keystealth.org/centos/"
"US","CA","Linux Kernel Archives","http://www.kernel.org/","http://mirrors.kernel.org/centos/","ftp://mirrors.kernel.org/centos/","rsync://mirrors.kernel.org/centos/"
"US","CA","NDCHost","http://ndchost.com/","http://centos.mirror.ndchost.com/","",""
"US","CA","Pac-12 Enterprises","http://www.pac-12.org/","http://mirror.pac-12.org/","",""
"US","CA","QuadraNet","http://www.quadranet.com/","http://repos.lax.quadranet.com/centos/","ftp://repos.lax.quadranet.com/centos/","rsync://repos.lax.quadranet.com/centos/"
"US","CA","Sonic.net","http://sonic.net/","http://mirrors.sonic.net/centos/","ftp://mirrors.sonic.net/centos/",""
"US","CA","SupremeBytes, LLC","http://www.supremebytes.com/","http://mirror.supremebytes.com/centos/","ftp://mirror.supremebytes.com/centos/",""
"US","CA","University of California, Irvine","http://www.uci.edu/","","ftp://ftp.uci.edu/mirrors/centos/",""
"US","CA","University of Southern California","http://mirrors.usc.edu/","http://mirrors.usc.edu/pub/linux/distributions/centos/","",""
"US","CA","VPSie.COM","https://vpsie.com/","http://mirrors.vpsie.com/centos","",""
"US","CO","     Host-Engine.com","http://host-engine.com/","http://centos.den.host-engine.com/","",""
"US","CO"," GamingHost.co","http://gaminghost.co/","http://denver.gaminghost.co/","",""
"US","CO","FORETHOUGHT.net","http://forethought.net/","http://repos.forethought.net/centos/","",""
"US","CO","Host-Engine.com","http://host-engine.com/","http://centos.host-engine.com/","",""
"US","CO","PymeSolutionsWeb.com","https://pymesolutionsweb.com/","http://centos.pymesolutionsweb.com/","",""
"US","CO","tummy.com","http://www.tummy.com","http://mirrors.tummy.com/mirrors/CentOS/","",""
"US","CO","UnixHeads","http://www.unixheads.org","http://centos.unixheads.org/","",""
"US","CT","Connecticut Education Network","http://www.ct.gov/cen","http://mirror.net.cen.ct.gov/centos/","",""
"US","DC","ServInt","http://www.servint.com/","http://centos.servint.com/","",""
"US","DE","University of Delaware","http://ftp.lug.udel.edu/","http://mirror.lug.udel.edu/pub/centos/","",""
"US","FL","  QuadraNet","http://www.quadranet.com/","http://repos.mia.quadranet.com/centos/","ftp://repos.mia.quadranet.com/centos/","rsync://repos.mia.quadranet.com/centos/"
"US","FL","Mojohost","http://www.mojohost.com/","http://mirror.mojohost.com/centos/","ftp://mirror.mojohost.com/centos/",""
"US","FL","University of South Florida","http://www.usf.edu/","http://ftp.usf.edu/pub/centos/","ftp://ftp.usf.edu/pub/centos/",""
"US","GA","Georgia Tech","http://www.gtlib.gatech.edu/","http://www.gtlib.gatech.edu/pub/centos/","ftp://ftp.gtlib.gatech.edu/pub/centos/","rsync://rsync.gtlib.gatech.edu/centos/"
"US","GA","University of West Georgia","http://www.westga.edu/","http://reflector.westga.edu/repos/CentOS/","","rsync://reflector.westga.edu/CentOS/"
"US","GA","Virtual World Technologies","http://www.vwtonline.com","http://centos.vwtonline.net/centos/","","rsync://centos.vwtonline.net/centos/"
"US","HI","Advanced Network Computing Lab Hawaii","http://www.ancl.hawaii.edu/","http://mirror.ancl.hawaii.edu/linux/centos/","",""
"US","ID","SolutionPro","http://www.solutionpro.com/","http://mirror.spro.net/centos/","ftp://mirror.spro.net/centos/","rsync://mirror.spro.net/centos/"
"US","ID","Syringa Networks","http://www.syringanetworks.net/","http://mirrors.syringanetworks.net/centos/","ftp://mirrors.syringanetworks.net/centos/","rsync://mirrors.syringanetworks.net/CentOS/"
"US","IL"," Host-Engine.com ","http://host-engine.com/","http://centos.chi.host-engine.com/","",""
"US","IL","Adams NetWorks, Inc.","http://www.adams.net","http://mirrors.adams.net/centos/","",""
"US","IL","eBoundHost","http://eboundhost.com/","http://mirror.eboundhost.com/CentOS/","",""
"US","IL","FireHosted.com","http://firehosted.com/","http://centos.firehosted.com/","",""
"US","IL","GamingHost.co","http://gaminghost.co/","http://chicago.gaminghost.co/","",""
"US","IL","GIGENET","http://www.gigenet.com/","http://mirrors.gigenet.com/centos/","",""
"US","IL","Northwestern University School of Education and Social Policy","http://www.sesp.northwestern.edu/","http://mirror.sesp.northwestern.edu/centos/","",""
"US","IL","Steadfast Networks","http://steadfast.net","http://mirror.steadfast.net/centos/","ftp://mirror.steadfast.net/centos/","rsync://mirror.steadfast.net/centos/"
"US","IL","Team Cymru","http://team-cymru.org/","http://mirror.team-cymru.org/CentOS/","ftp://mirror.team-cymru.org/CentOS/","rsync://mirror.team-cymru.org/CentOS"
"US","IL","Tzulo inc","http://www.tzulo.com/","http://mirror.tzulo.com/centos/","","rsync://mirror.tzulo.com/centos/"
"US","IL","University of Chicago, Astronomy","http://astro.uchicago.edu/","http://bay.uchicago.edu/centos/","ftp://bay.uchicago.edu/centos/","rsync://bay.uchicago.edu/CentOS/"
"US","IL","University of Illinois at Urbana-Champaign","http://illinois.edu/","http://cosmos.illinois.edu/pub/centos/","ftp://cosmos.illinois.edu/pub/centos/",""
"US","IL","Waneq.com","http://waneq.com/","http://centos.chicago.waneq.com/","",""
"US","IL","Your.Org","http://www.your.org/","http://ftpmirror.your.org/pub/centos/","ftp://ftpmirror.your.org/pub/centos/","rsync://ftpmirror.your.org/centos/"
"US","IN","Indiana University","http://pti.iu.edu/cs/software-applications/","","ftp://ftp.ussg.iu.edu/linux/centos/",""
"US","IN","NetNITCO Internet Services","http://www.netnitco.net/","http://centos.netnitco.net/","ftp://centos.netnitco.net/centos/",""
"US","MA","Harvard SEAS ARC","http://www.seas.harvard.edu/","http://mirrors.seas.harvard.edu/centos/","",""
"US","MA","Massachusetts Institute of Technology","http://mit.edu/","http://mirrors.mit.edu/centos/","ftp://mirrors.mit.edu/centos/",""
"US","MA","TripAdvisor","http://www.tripadvisor.com/","http://mirrors.tripadvisor.com/centos/","","rsync://mirrors.tripadvisor.com/centos/ "
"US","MD","University of Maryland, College Park","http://www.umd.edu/","http://mirror.umd.edu/centos/","ftp://mirror.umd.edu/centos/","rsync://mirror.umd.edu/centos/"
"US","ME","University of Maine System, Information Technology Services","http://www.maine.edu/","http://mirrors.maine.edu/CentOS/","","rsync://mirrors.maine.edu/CentOS/"
"US","MI","Central Michigan University","http://www.cmich.edu/","http://mirrors.cmich.edu/centos/","",""
"US","MI","Liquid Web, Inc.","http://www.liquidweb.com/","http://mirrors.liquidweb.com/CentOS/","","rsync://mirrors.liquidweb.com/CentOS/"
"US","MI","MBNI, University of Michigan","http://www.mbni.med.umich.edu/","http://centos.mbni.med.umich.edu/mirror/","","rsync://centos.mbni.med.umich.edu/mirror"
"US","MI","Michigan Tech Linux Users Group","http://lug.mtu.edu/","http://lug.mtu.edu/centos/","ftp://lug.mtu.edu/centos/","rsync://lug.mtu.edu/centos/"
"US","MI","Nexcess.Net","http://nexcess.net/","http://mirror.nexcess.net/CentOS/","",""
"US","MI","University of Michigan  Flint","http://www.umflint.edu/","http://mirrors.umflint.edu/CentOS/","",""
"US","MN","Localmsp","http://www.localmsp.org/","http://centos.localmsp.org/centos/ ","","rsync://centos.localmsp.org/centos/ "
"US","MN","US Internet","http://www.usinternet.com/","http://mirrors.usinternet.com/centos/","","rsync://mirrors.usinternet.com/centos/"
"US","MO","Compevo Communications","http://www.compevo.com/","http://mirror.compevo.com/centos/","",""
"US","MO","Fusion Cloud","http://fusioncloud.co/","http://mirror.fusioncloud.co/pub/centos/","","rsync://rsync.fusioncloud.co/mirror/centos/"
"US","MO","St. James R-1 School District","http://stjschools.org","http://mirror.stjschools.org/public/centos/","","rsync://mirror.stjschools.org/centos/"
"US","NC","Conflux Technologies LLC","http://www.confluxtech.com","http://mirror.confluxtech.com/centos/","","rsync://mirror.confluxtech.com/centos/"
"US","NC","Duke University","http://www.linux.duke.edu/","http://mirror.linux.duke.edu/pub/centos/","ftp://mirror.linux.duke.edu/pub/centos/","rsync://mirror.linux.duke.edu/centos"
"US","NC","ibiblio.org","http://www.ibiblio.org/","http://distro.ibiblio.org/centos/","ftp://distro.ibiblio.org/centos/",""
"US","NC","North Carolina State University","http://www.ncsu.edu","http://ftp.linux.ncsu.edu/pub/CentOS/","ftp://ftp.linux.ncsu.edu/pub/CentOS/","rsync://ftp.linux.ncsu.edu/CentOS/"
"US","NE","University of Nebraska-Lincoln","http://www.unl.edu","http://mirror.unl.edu/centos/","",""
"US","NH","MetroCast Cablevision","http://www.metrocast.com/","http://mirror.metrocast.net/centos/","",""
"US","NJ","Constant Hosting","http://constant.com/","http://centos.mirror.constant.com/","",""
"US","NJ","interserver.net","http://interserver.net/","http://mirror.trouble-free.net/centos/","","rsync://mirror.trouble-free.net/centos/"
"US","NJ","Net Access Corporation","http://www.nac.net","http://centos.mirror.nac.net/","",""
"US","NJ","NetDepot.com","http://www.NetDepot.com/","http://mirror.netdepot.com/centos/","",""
"US","NJ","Princeton University Department of Mathematics","http://www.math.princeton.edu/","http://mirror.math.princeton.edu/pub/centos/",""," rsync://mirror.math.princeton.edu/pub/centos/"
"US","NJ","SolarVPS","http://www.solarvps.com/","http://mirror.solarvps.com/centos/","ftp://mirror.solarvps.com/centos/",""
"US","NY","Atlantic Metro Communications","http://www.atlanticmetro.net/","http://mirror.atlanticmetro.net/centos/","ftp://mirror.atlanticmetro.net/centos/",""
"US","NY","BuildDesignCreate.com","http://www.builddesigncreate.com/","http://centos.builddesigncreate.com/mirror/","",""
"US","NY","Columbia University","http://www.columbia.edu/","http://mirror.cc.columbia.edu/pub/linux/centos/","ftp://mirror.cc.columbia.edu/pub/linux/centos/","rsync://mirror.cc.columbia.edu/centos/"
"US","NY","Evowise","https://www.evowise.com/","http://mirrors.evowise.com/centos/","",""
"US","NY","NYU","http://www.nyu.edu/","http://mirror.es.its.nyu.edu/centos/","","rsync://mirror.es.its.nyu.edu/centos/"
"US","NY","Rochester Institute of Technology","http://www.rit.edu/","http://mirrors.rit.edu/centos/","","rsync://mirrors.rit.edu/centos/"
"US","NY","SpinelliCreations","http://www.spinellicreations.com/","http://centos.spinellicreations.com/","",""
"US","NY","Voxel US","http://www.voxel.net/","http://mirrors.lga7.us.voxel.net/centos/","",""
"US","NY","Webair Internet Development, Inc","https://www.webair.com/","http://mirrors.centos.webair.com/centos/","","rsync://mirrors.centos.webair.com/centos/"
"US","OH","Beyond Hosting","http://beyondhosting.net/","http://mirror.beyondhosting.net/CentOS/","",""
"US","OH","CISP / Yocolo","http://www.cisp.com","http://mirror.cisp.com/CentOS/","","rsync://mirror.cisp.com/CentOS"
"US","OH","HostingXtreme","http://hostingxtreme.com/","http://centos.hostingxtreme.com/","",""
"US","OK","University of Oklahoma","http://www.ou.edu/web.html","http://mirror.oss.ou.edu/centos/","ftp://mirror.oss.ou.edu/centos/","rsync://mirror.oss.ou.edu/centos/"
"US","OR","Canby Telcom ","http://www.canbytel.com/","http://mirror.web-ster.com/centos/","ftp://mirror.web-ster.com/centos/","rsync://mirror.web-ster.com/centos/"
"US","OR","Portland State Univ.","http://www.cat.pdx.edu/","http://mirrors.cat.pdx.edu/centos/","","rsync://mirrors.cat.pdx.edu/centos/"
"US","OR","TOCICI LLC","http://www.tocici.com/","http://mirror.tocici.com/centos/","",""
"US","PA","1&1 Internet Inc.","http://www.1and1.com/","http://mirror.us.oneandone.net/linux/distributions/centos/","ftp://mirror.us.oneandone.net/linux/distributions/centos/","rsync://mirror.us.oneandone.net/centos/"
"US","PA","Datto Inc.","http://datto.com","http://mirror.datto.com/CentOS/","","rsync://mirror.datto.com/CentOS/"
"US","PA","Department of Computer Science, University of Pittsburgh","http://cs.pitt.edu/","http://mirror.cs.pitt.edu/centos/","ftp://mirror.cs.pitt.edu/centos/"," rsync://mirror.cs.pitt.edu/centos/"
"US","PA","Lehigh University","http://www.lehigh.edu/","http://linux.cc.lehigh.edu/centos/","",""
"US","TX","  InnoScale","https://innoscale.net/","http://repo1.dal.innoscale.net/centos/","ftp://repo1.dal.innoscale.net/centos/"," rsync://repo1.dal.innoscale.net/centos/"
"US","TX"," QuadraNet","http://www.quadranet.com/","http://repos.dfw.quadranet.com/centos/","ftp://repos.dfw.quadranet.com/centos/","rsync://repos.dfw.quadranet.com/centos/"
"US","TX","1-800-hosting.com","http://www.800hosting.com/","http://dist1.800hosting.com/centos/","ftp://dist1.800hosting.com/centos/",""
"US","TX","Academy for Advanced Telecommunications and Learning Technology at Texas A&M University","http://academy.tamu.edu/","http://yum.tamu.edu/centos/","",""
"US","TX","Corespace","http://www.corespace.com/","http://pubmirrors.dal.corespace.com/centos/","ftp://pubmirrors.dal.corespace.com/centos/",""
"US","TX","Limestone Networks","http://www.limestonenetworks.com/","http://centos.mirror.lstn.net/","ftp://centos.mirror.lstn.net/centos/","rsync://centos.mirror.lstn.net/centos/"
"US","TX","Ray Stedman Library","http://www.raystedman.org/","http://mirror.raystedman.net/centos/","","rsync://mirror.raystedman.net/centos/"
"US","TX","XygenHosting","http://www.xygenhosting.com/","http://dallas.tx.mirror.xygenhosting.com/CentOS/","ftp://dallas.tx.mirror.xygenhosting.com/CentOS/","rsync://dallas.tx.mirror.xygenhosting.com/centos/"
"US","UT","Bluehost.com","http://www.bluehost.com","http://mirrors.unifiedlayer.com/centos/","",""
"US","UT","Fast Speed Test","http://fastspeedtest.com","http://fastspeedtest.net/mirrors/centos/","",""
"US","UT","University of Utah","http://www.chpc.utah.edu/","http://mirror.chpc.utah.edu/pub/centos/","","rsync://mirror.chpc.utah.edu/pub/centos/"
"US","UT","XMission","http://www.xmission.com/","http://mirrors.xmission.com/centos/","ftp://mirrors.xmission.com/centos/","rsync://mirrors.xmission.com/centos/"
"US","VA","AdvancedHosters","http://advancedhosters.com/","http://mirrors.advancedhosters.com/centos/","ftp://mirrors.advancedhosters.com/centos/","rsync://mirrors.advancedhosters.com/centos/"
"US","VA","AOL, LLC","http://corp.aol.com/","http://centos.aol.com/","",""
"US","VA","InnoScale","https://innoscale.net/","http://repo1.ash.innoscale.net/centos/","ftp://repo1.ash.innoscale.net/centos/"," rsync://repo1.ash.innoscale.net/centos/"
"US","VA","Leasweb US","http://www.leaseweb.com/","http://mirror.us.leaseweb.net/centos/","ftp://mirror.us.leaseweb.net/centos/","rsync://mirror.us.leaseweb.net/centos/"
"US","VA","Symnds","","http://mirror.symnds.com/CentOS/","","rsync://mirror.symnds.com/CentOS/"
"US","VA","Virginia Commonwealth University","http://www.vcu.edu/","http://mirror.vcu.edu/pub/gnu+linux/centos/","ftp://mirror.vcu.edu/pub/gnu_linux/centos/","rsync://mirror.vcu.edu/centos/"
"US","VA","Virginia Tech","http://mirror.cs.vt.edu/","http://mirror.cs.vt.edu/pub/CentOS/","ftp://mirror.cs.vt.edu/pub/CentOS/",""
"US","VA","Virginia Tech Transportation Institute","http://www.vtti.vt.edu/","http://mirror.vtti.vt.edu/centos/","ftp://mirror.vtti.vt.edu/centos/",""
"US","VA","Yellow Fiber Networks","http://www.yellowfiber.net/","http://mirror.yellowfiber.net/centos/","",""
"US","VT","Green Mountain Access","http://www.greenmountainaccess.net/","http://mirrors.greenmountainaccess.net/centos/","ftp://mirrors.greenmountainaccess.net/centos/","rsync://mirrors.greenmountainaccess.net/centos/"
"US","WA"," InnoScale","https://innoscale.net/","http://repo1.sea.innoscale.net/centos/","ftp://repo1.sea.innoscale.net/centos/"," rsync://repo1.sea.innoscale.net/centos/"
"US","WA","University of Washington","http://www.uw.edu/","http://centos.s.uw.edu/centos/ ","",""
"US","WA","Walla Walla University","http://www.wallawalla.edu/","","ftp://ftp.wallawalla.edu/pub/mirrors/centos/","rsync://ftp.wallawalla.edu/CentOS/"
"US","WA","Washington State University","http://www.eecs.wsu.edu","http://centos.eecs.wsu.edu/","ftp://centos.eecs.wsu.edu/centos/","rsync://centos.eecs.wsu.edu/centos/"
"US","WI","TDS Internet Services","http://mirrors.tds.net/","http://centos.mirrors.tds.net/pub/linux/centos/","ftp://centos.mirrors.tds.net/pub/linux/centos/","rsync://centos.mirrors.tds.net/CentOS/"
"US","WI","University of Wisconsin-Parkside Computer Science Department","http://www.cs.uwp.edu/","http://mirror.cs.uwp.edu/pub/centos/","",""
"US","WV","West Virginia State University","http://www.wvstateu.edu/","http://centos.mirrors.wvstateu.edu/","",""

